-- phpMyAdmin SQL Dump
-- version 5.0.2
-- https://www.phpmyadmin.net/
--
-- 主機： localhost
-- 產生時間： 2021 年 01 月 08 日 16:04
-- 伺服器版本： 10.4.13-MariaDB
-- PHP 版本： 7.4.8

SET SQL_MODE = "NO_AUTO_VALUE_ON_ZERO";
START TRANSACTION;
SET time_zone = "+00:00";


/*!40101 SET @OLD_CHARACTER_SET_CLIENT=@@CHARACTER_SET_CLIENT */;
/*!40101 SET @OLD_CHARACTER_SET_RESULTS=@@CHARACTER_SET_RESULTS */;
/*!40101 SET @OLD_COLLATION_CONNECTION=@@COLLATION_CONNECTION */;
/*!40101 SET NAMES utf8mb4 */;

--
-- 資料庫： `movie`
--

-- --------------------------------------------------------

--
-- 資料表結構 `booking record`
--

CREATE TABLE `booking record` (
  `memberID` varchar(15) COLLATE utf8_unicode_520_ci DEFAULT NULL,
  `showingID` varchar(15) COLLATE utf8_unicode_520_ci DEFAULT NULL,
  `recordID` varchar(15) COLLATE utf8_unicode_520_ci NOT NULL,
  `number` varchar(50) COLLATE utf8_unicode_520_ci DEFAULT NULL,
  `paymentMethod` varchar(15) COLLATE utf8_unicode_520_ci DEFAULT NULL,
  `payment` varchar(5) COLLATE utf8_unicode_520_ci DEFAULT NULL,
  `Finish` varchar(10) COLLATE utf8_unicode_520_ci DEFAULT NULL
) ENGINE=InnoDB DEFAULT CHARSET=utf8 COLLATE=utf8_unicode_520_ci;

--
-- 傾印資料表的資料 `booking record`
--

INSERT INTO `booking record` (`memberID`, `showingID`, `recordID`, `number`, `paymentMethod`, `payment`, `Finish`) VALUES
('2020000003', '1073', 'B07290651073', '2', 'online', '1', '1'),
('2020000004', '1000', 'ruru1000', '1', 'online', '1', '1'),
('2020000004', '1065', 'ruru1065', '2', 'cash', NULL, '1'),
('2020000004', '1075', 'ruru1075', '2', NULL, NULL, NULL),
('2020000004', '1121', 'ruru1121', '2', 'cash', NULL, '1');

-- --------------------------------------------------------

--
-- 資料表結構 `cinema`
--

CREATE TABLE `cinema` (
  `cinemaID` int(20) NOT NULL,
  `seatnumber` int(3) NOT NULL
) ENGINE=InnoDB DEFAULT CHARSET=utf8 COLLATE=utf8_unicode_520_ci;

--
-- 傾印資料表的資料 `cinema`
--

INSERT INTO `cinema` (`cinemaID`, `seatnumber`) VALUES
(10, 50),
(20, 50),
(30, 50),
(40, 50),
(50, 50),
(60, 50),
(70, 50),
(80, 50),
(90, 50);

-- --------------------------------------------------------

--
-- 資料表結構 `member profile`
--

CREATE TABLE `member profile` (
  `memberID` varchar(15) COLLATE utf8_unicode_520_ci NOT NULL,
  `name` varchar(20) COLLATE utf8_unicode_520_ci NOT NULL,
  `gender` varchar(5) COLLATE utf8_unicode_520_ci NOT NULL,
  `birthday` date NOT NULL,
  `phone` varchar(10) COLLATE utf8_unicode_520_ci NOT NULL,
  `email` varchar(100) COLLATE utf8_unicode_520_ci NOT NULL,
  `pay` varchar(30) COLLATE utf8_unicode_520_ci NOT NULL,
  `account` varchar(20) COLLATE utf8_unicode_520_ci NOT NULL,
  `password` varchar(20) COLLATE utf8_unicode_520_ci NOT NULL
) ENGINE=InnoDB DEFAULT CHARSET=utf8 COLLATE=utf8_unicode_520_ci;

--
-- 傾印資料表的資料 `member profile`
--

INSERT INTO `member profile` (`memberID`, `name`, `gender`, `birthday`, `phone`, `email`, `pay`, `account`, `password`) VALUES
('2020000001', '李羽喬', '女', '2000-02-06', '092233555', 'chiao@gmail.com', '1111222233334444', 'B0729062', 'B0729062'),
('2020000002', '王妤霈', '女', '2000-07-29', '0912345678', 'yupei@gmail.com', '2222333344441111', 'B0729025', 'B0729025'),
('2020000003', '歐姸君', '女', '1999-10-03', '0987654321', 'rubyruby@gmail.com', '3333444411112222', 'B0729065', 'B0729065'),
('2020000004', 'rr', 'r', '2021-01-10', '0983057669', 'ruru@gmail.com', '0000111122223333', 'ruru', '111'),
('2020000005', 'ruru', 'r', '2021-01-07', '0900000000', 'rr@gmail.com', '1234567890123456', 'B07290650', '1111');

-- --------------------------------------------------------

--
-- 資料表結構 `movie`
--

CREATE TABLE `movie` (
  `movieID` varchar(1000) COLLATE utf8_unicode_520_ci NOT NULL,
  `movie` varchar(20) COLLATE utf8_unicode_520_ci NOT NULL,
  `director` varchar(255) COLLATE utf8_unicode_520_ci NOT NULL,
  `actor` varchar(255) COLLATE utf8_unicode_520_ci NOT NULL,
  `length` varchar(10) COLLATE utf8_unicode_520_ci NOT NULL,
  `systematics` varchar(5) COLLATE utf8_unicode_520_ci NOT NULL,
  `releaseYear` int(4) NOT NULL,
  `releaseMonth` int(2) NOT NULL,
  `releaseDay` int(2) NOT NULL,
  `introduction` varchar(1000) COLLATE utf8_unicode_520_ci NOT NULL,
  `image` varchar(5) COLLATE utf8_unicode_520_ci NOT NULL
) ENGINE=InnoDB DEFAULT CHARSET=utf8 COLLATE=utf8_unicode_520_ci;

--
-- 傾印資料表的資料 `movie`
--

INSERT INTO `movie` (`movieID`, `movie`, `director`, `actor`, `length`, `systematics`, `releaseYear`, `releaseMonth`, `releaseDay`, `introduction`, `image`) VALUES
('1001', '靈魂急轉彎', '彼特達克特(Pete Docter)\r\n', '傑米福克斯(Jamie Foxx) 、 蒂娜費(Tina Fey) 、 理查艾尤德(Richard Ayoade) 、 安琪拉貝瑟(Angela Bassett)', '01時47分', '普遍級', 2020, 12, 25, '&nbsp&nbsp&nbsp&nbsp&nbsp&nbsp本片由金獎導演同時也是現今皮克斯的創意長彼特達克特執導，他可以說是皮克斯的創意指標，從玩具總動員系列到怪獸電力公司、天外奇蹟與腦筋急轉彎這些作品就可知道他說故事的功力，這次原創故事的《靈魂急轉彎》 更是會顛覆觀眾的想像。\r\n <br><br>\r\n&nbsp&nbsp&nbsp&nbsp&nbsp&nbsp《靈魂急轉彎》 故事想探討一個非常抽像的話題- 人的靈魂! 因為在我們來到這個世界前，都會在一個「關於你研討會」參加培訓，在這裡，靈魂會被賦予特徵、興趣和能力、以及基本的性格屬性，正是這一切，造就了你的樣子。\r\n  <br><br>\r\n&nbsp&nbsp&nbsp&nbsp&nbsp&nbsp一但準備就緒，你的靈魂就畢業，隨後降臨到這個世界，開啟有意義的一生。但在故事主角喬賈德納的身上，卻出了差錯，他是天生的爵士鋼琴好手，卻一直不得志，只能在中學擔任樂團老師的工作，有一天，他獲得了千載難逢的演奏機會，還沒享受到成功的果實，就失足受傷陷入昏迷，一系列的陰錯陽差，喬來到了投胎先修班，被誤認為是啟發新靈魂的導師，並碰到了始終無法在投胎先修班畢業的靈魂22號，師徒二人想盡辦法要讓喬回到真實世界，這場特別的旅程，更讓喬重新審視人生的意義…', ''),
('1002', '腿', '張耀升', '桂綸鎂(Kwai Lun-mei) 、 楊祐寧(Tony Yang) 、 張少懷(Michael Chang) 、 劉冠廷 、 納豆(Lin Yu-Chih) 、 李李仁 、 施名帥 、 陳以文 、 金士傑', '1時55分', '輔12級', 2020, 12, 24, '一條腿的旅程 讓你明白愛情沒有什麼道理…\r\n<br><br>\r\n&nbsp&nbsp&nbsp&nbsp&nbsp&nbsp錢鈺盈(桂綸鎂飾)的丈夫鄭子漢(楊祐寧飾)在腿部截肢手術後不幸離世，錢鈺盈想拿回丈夫被截肢的腿，卻被醫院百般刁難、互踢皮球，於是一場異想天開的「奪腿計畫」就此展開！她纏著外科醫生(李李仁飾)要求幫忙，跑到一般人從未見過的醫院地下室，在一包包檢體中尋找丈夫的腿，甚至找上內勤人員監控醫院合作車輛的GPS，鬧到醫院院長(金士傑飾)都來關切…\r\n <br><br>\r\n&nbsp&nbsp&nbsp&nbsp&nbsp&nbsp而這段充滿黑色幽默的尋腿旅程中，也勾起錢鈺盈與鄭子漢從相識、相愛到相互虧欠的過往回憶。鄭子漢對美麗的國標舞者錢鈺盈一見鍾情，在照相館朋友約翰(張少懷飾)的牽線之下成為她的舞伴，兩人墜入愛河、步入婚姻，是人人稱羨的神仙眷侶。但鄭子漢一心想要賺大錢讓妻子過好日子，卻將兩人的感情逼入絕境，最終形同陌路，沒想到兩顆心再次靠近時卻是在醫院裡面臨生離死別的時候…\r\n <br><br>\r\n【關於電影】\r\n <br><br>\r\n&nbsp&nbsp&nbsp&nbsp&nbsp&nbsp《陽光普照》編劇張耀升首執導演筒拍出桂綸鎂、楊祐寧最深情的告別\r\n<br><br>\r\n&nbsp&nbsp&nbsp&nbsp&nbsp&nbsp繼去年勇奪金馬獎最佳影片的《陽光普照》感動無數影迷，今年由鏡文學、華文創、甜蜜生活製作有限公司聯合出品，甜蜜生活製作有限公司製作、《陽光普照》導演鍾孟宏擔任監製及攝影、編劇張耀升首執劇情長片導演筒、讓金馬影后桂綸鎂與陽光型男楊祐寧首度化身大銀幕情侶檔的愛情荒謬喜劇《腿》，用一段充滿黑色幽默的尋腿之旅描繪愛情的模樣。導演張耀升表示：「這隻《腿》是愛情旋風腿，黑色不少，幽默常有，愛情很多，儘管桂綸鎂在一路的找腿過程非得潑辣凶悍難纏不可，但這卻是她最深情的告別。」每個人在人生旅程中會慢慢學會妥協，也會慢慢變得不純粹，最後常常都成了自己不喜歡的樣子，張耀升說：「只有某個人願意為你找回原來的樣子，而那個人一定不只很愛你，是非常非常非常愛你。」《腿》除了榮膺本屆金馬影展開幕影片，更榮獲本屆金馬獎最佳女主角、男配角、原著劇本、', ''),
('1003', '手塚治虫迷幻少女', '手塚真', '稻垣吾郎 (Goroh Inagaki) 、 二階堂富美(Fumi Nikaido)', '1時40分', '輔15級', 2020, 12, 18, '「迷幻少女是關於一名男子癡迷於墮落與瘋狂的故事。」～手塚治虫\r\n <br><br>\r\n&nbsp&nbsp&nbsp&nbsp&nbsp&nbsp「東京都市吞噬、消化了幾千萬人，有個女人卻像是排泄物般被排出了，她的名字是芭波拉。」有著特殊性癖的唯美派作家美倉洋介在地鐵站邂逅了這名滿是酒氣的女子，便將她帶回家。放浪形骸的芭波拉再次激起美倉創作的靈感，文思泉湧猶如同他內心即將潰堤的慾望，她是繆斯？還是惡魔？或者根本只是美倉自行想像的幻影？有如在芭波拉的引領之下，美倉洋介展開了這段毀滅的旅程…\r\n <br><br>\r\n&nbsp&nbsp&nbsp&nbsp&nbsp&nbsp手塚治虫誕辰90周年紀念之作，由手塚真執導，日德英跨國聯手製作，四座金馬獎加七座香港電影金像獎最佳攝影得主的杜可風擔任攝影。加上實力派演員稻垣吾郎，以及二階堂富美飾演謎一般的迷幻少女。繼東京影展競賽片之後，獲邀全世界各大奇幻影展。', ''),
('1004', '再見街貓BOB', '羅傑史波提斯伍德(Roger Spottiswoode)', '路克索德威(Luke Treadaway) 、 克莉絲汀娜通特里楊(Kristina Tonteri-Young)', '1時32分', '普遍級', 2020, 12, 10, '&nbsp&nbsp&nbsp&nbsp&nbsp&nbsp改編自《遇見街貓BOB》（A Street Cat Named Bob）同名電影續集，貓奴們將與詹姆士（路克索德威飾演）和Bob一同展開一趟全新旅程。從詹姆士救起流浪貓Bob的那天起，他們的友誼就開始了，他開始帶著Bob一起上街賣藝，Bob在賣藝期間總是靜靜地待在詹姆士的琴袋上、吉他上，甚至是肩膀上。這次詹姆士回顧他和Bob，在街頭度過的最後一個聖誕節，以及Bob如何幫助他度過最艱難的時光，並與朋友交流聖誕節精神的真正含義。', ''),
('1005', '親愛的殺手', '賴孟傑', '鄭人碩(Cheng Jen-Shuo) 、 邱偲琹 、 喜翔(Jason King) 、 黃采儀 、 鄭志偉', '01時32分', '輔15級', 2020, 12, 4, '相慾之後，我們相愛… \r\n<br><br>\r\n&nbsp&nbsp&nbsp&nbsp&nbsp&nbsp六（鄭人碩 飾）是位靠販售愛心商品維生的身障人士，生活大小事都需倚賴父親（喜翔 飾）幫忙，從未談過戀愛的他，對於性有著無限的憧憬與幻想，在大樓保全文哥（鄭志偉 飾）的引介下，六認識了一個沉默的少女泡麵（邱偲琹 飾），長年生活在陰暗狹小文具店的她，不僅要照顧有心理疾病的母親（黃采儀 飾），在學校也備受同儕霸凌。\r\n <br><br>\r\n&nbsp&nbsp&nbsp&nbsp&nbsp&nbsp對未來不抱期待的泡麵，與六從平淡的性交易關係，逐漸發展出一段刻骨銘心的愛情，同時六也發現文哥與泡麵似乎也有著不尋常的關係… 同樣生活在灰色角落的他們，透過相遇的微光溫熱了彼此的心，因慾望點燃了希望，兩人最終能否走出生命的困境…？ ', ''),
('1006', '魔物獵人', '保羅安德森(Paul W.S. Anderson)', '蜜拉喬娃維琪(Milla Jovovich) 、 東尼嘉(Tony Jaa) 、 迪亞哥波尼塔(Diego Boneta) 、 朗帕曼(Ron Perlman)', '01時44分', '保護級', 2020, 12, 4, '&nbsp&nbsp&nbsp&nbsp&nbsp&nbsp本片根據CAPCOM熱門電玩遊戲改編，劇情描述在人類居住的世界背後，有個充滿危險強大的魔物世界，娜塔莉阿特彌斯中尉(蜜拉喬娃維琪 飾演)與由她帶領的菁英部隊進入了這個神秘時空，在這個超能怪物群居的新世界，將面臨著全團滅亡的生存之際。娜塔莉一行人在尋求返家之路時，她們遇到了一名能在這蠻荒之地生存的神秘獵人(東尼嘉 飾演)。面對蜂擁而至的凶狠且恐怖的魔物攻擊，娜塔莉和勇士們準備一一擊退並找到能順利回家的路…', ''),
('1007', '同學麥娜絲', '黃信堯', '鄭人碩(Cheng Jen-Shuo) 、 劉冠廷 、 納豆(Lin Yu-Chih) 、 施名帥 、 王彩樺 、 潘慧如 、 朱芷瑩 、 洪小鈴 、 陳以文', '02時02分', '保護級', 2020, 11, 20, '人會老 存錢也要存一些老朋友<br><br>\r\n從同學 看見現代人的人生百態…<br><br>\r\n \r\n&nbsp&nbsp&nbsp&nbsp&nbsp&nbsp四個高中同學畢業後常常聚在泡沫紅茶店刁牌、唬爛三小，但聚會後他們還是要繼續面對生活的艱難…\r\n<br><br>\r\n&nbsp&nbsp&nbsp&nbsp&nbsp&nbsp電風(鄭人碩飾)是保險業務員，領著微薄薪水省吃儉用買了新房，因為女友懷孕將步入婚姻的人生階段；從事紙紮屋行業又有陰陽眼的閉結(劉冠廷飾)，因長期照顧臥病在床的阿嬤錯過婚姻，想尋求婚姻介紹所找一個好女人結婚；罐頭(納豆飾)在一次吞藥自殺後洗心革面，接下了戶政所的工作，因此與他心目中的女神校花麥娜絲重逢；添仔(施名帥飾)是懷才不遇的導演，卻在機緣下被政客(陳以文飾)相中開始選舉之路…\r\n <br><br>\r\n&nbsp&nbsp&nbsp&nbsp&nbsp&nbsp四個人各自遇上人生事業、婚姻、愛情、夢想的難題，唯一不變的是他們從學生時期到現在仍相約在泡沫紅茶店。同學聚在一起雖然幹話滿天，但這些幽默的五四三，卻展現相互扶持的真摯友情，也透露了長大後面對困頓人生的徬徨與無奈，而人生的重重關卡，正考驗著這四位同學真摯的情誼…', ''),
('1008', '名偵探柯南：紅之校外旅行', '\r\n山本泰一郎', '山口勝平 、 山崎和佳奈 、 高山南 、 堀川亮 、 雪野五月 、 松井菜櫻子 、 久川綾 、 小西克幸', '01時28分', '普遍級', 2020, 11, 20, '以古都京都為舞台，新一將挑戰兇手為天狗的連環殺人案！<br><br>\r\n而他與小蘭的戀情又會走向何方呢!?<br><br>\r\n \r\n&nbsp&nbsp&nbsp&nbsp&nbsp&nbsp因校外旅行而來到京都的新一，在清水寺遇見母親有希子的朋友——女演員鞍知景子。和大學同學來替老友掃墓的景子，委託新一解讀同學收到的暗號。當晚，新一帶著小蘭、園子、世良造訪投宿同一家飯店的景子房間，發現那裡聚集了即將上映的電影《紅之修羅天狗》相關人員。演員井隼森也、電影導演馬山峰人、作曲家阿賀田力、編劇西木太郎都是景子的大學同學。\r\n <br><br>\r\n&nbsp&nbsp&nbsp&nbsp&nbsp&nbsp新一接過西木收到的暗號便和景子等人道別，然而緊接著發生了西木被殺害的事件。案發現場如同養源院的血天井一般，天花板染著鮮血。天花板上的血腳印一直延續到窗戶，世良推測能在空中飛翔、擁有神力的怪物即是兇手。景子等人害怕遭到天狗襲擊而顫慄不已。\r\n <br><br>\r\n&nbsp&nbsp&nbsp&nbsp&nbsp&nbsp天狗是這次電影的題材，而新的暗號也與天狗經常拿在手上的八角金盤葉一起被放進了西木的懷中。之後，電影相關人員陸續受到天狗襲擊……。', ''),
('1009', '孤味', '許承傑\r\n', '陳淑芳 、 謝盈萱 、 徐若瑄(Vivian Hsu) 、 孫可芳 、 丁寧 、 陳姸霏', '02時03分', '普遍級', 2020, 11, 6, '缺席的人，是她們不能觸碰的心事…<br><br>\r\n&nbsp&nbsp&nbsp&nbsp&nbsp&nbsp林秀英（陳淑芳 飾）是台南赫赫有名的餐廳老闆，在丈夫（龍劭華 飾）無聲無息地離家後，便靠著賣蝦捲，獨自撫養三個女兒長大成人，不僅把蝦捲從路邊攤賣到開餐廳，三個女兒更是成就非凡，大女兒阿青（謝盈萱 飾）是國際舞者，二女兒阿瑜（徐若瑄 飾）在台北當整形醫生，小女兒佳佳（孫可芳 飾）則接手自己的餐廳事業。\r\n <br><br>\r\n&nbsp&nbsp&nbsp&nbsp&nbsp&nbsp眼看就要苦盡甘來，秀英卻在70大壽當天接到丈夫離世的噩耗，在替這位有名無實的丈夫籌辦喪禮的同時，竟意外迎來了另一位陪伴丈夫度過晚年的女人，令她不得不再次面對內心埋藏已久的怨懟……', ''),
('1010', '鬼滅之刃劇場版 無限列車篇', '外崎春雄', '花江夏樹(Natsuki Hanae) 、 松岡禎丞', '01時57分', '保護級', 2020, 10, 30, '&nbsp&nbsp&nbsp&nbsp&nbsp&nbsp《鬼滅之刃》是家人慘遭鬼殺害的少年－竈門炭治郎，為了讓化為鬼的妹妹禰豆子恢復回人類，自願加入「鬼殺隊」的故事。以人鬼間的悲痛故事、驚心動魄的劍戰，以及偶然穿插的滑稽場景，贏得廣大人氣，不僅紅遍日本，更掀起全球觀眾的熱烈討論。 \r\n <br><br>\r\n&nbsp&nbsp&nbsp&nbsp&nbsp&nbsp緊接在電視版動畫《竈門炭治郎‧立志篇》之後的故事《無限列車篇》，即將登上大銀幕。 炭治郎等人完成「蝴蝶屋」的訓練，下一個目的地是開往黑暗的「無限列車」。 \r\n <br><br>\r\n&nbsp&nbsp&nbsp&nbsp&nbsp&nbsp以多人行蹤不明的這輛列車為舞台，炭治郎帶著禰豆子與善逸、伊之助一行人，與鬼殺隊最強劍士〝柱〞其中之一「炎柱‧煉獄杏壽郎」會合，新的任務即將開始！ ', ''),
('1011', '刻在你心底的名字', '柳廣輝', '陳昊森 、 曾敬驊 、 邵奕玫 、 陳怡叡 、 王識賢 、 戴立忍(Leon DAI) 、 法比歐 、 龍劭華 、 王彩樺 、 洪都拉斯 、 林暉閔', '01時54分', '保護級', 2020, 9, 30, '&nbsp&nbsp&nbsp&nbsp&nbsp&nbsp電影《刻在你心底的名字》故事聚焦在80年代剛解嚴的台灣，一對遊走在友誼，愛慕之間的高中同窗，他們在青春的騷動與性啟蒙的渴望牽引下冒險，因為學妹的出現而讓曖昧關係產生變化。', ''),
('1012', '消失的情人節', '陳玉勳', '劉冠廷 、 李霈瑜 、 黑嘉嘉(Joanne Missingham) 、 周群達(Ducan)', '01時59分', '普遍級', 2020, 9, 18, '&nbsp&nbsp&nbsp&nbsp&nbsp&nbsp公車司機阿泰（劉冠廷/飾），是一個動作慢吞吞、連手錶的時間、地震的感應都比別人慢的奇葩。他每天都會去郵局，找櫃員楊曉淇（李霈瑜/飾）寄一封不知道給誰的平信。櫃員楊曉淇和阿泰完全相反，是個凡事搶拍的超級急性子，唯獨感情生活毫無進展，年近三十還是母胎單身。情人節前夕，楊曉淇被天菜陽光男劉老師（周群達Duncan/飾）搭訕，終於情竇初開的曉淇和劉老師天雷勾動地火；想不到一覺醒來，劉老師再無音訊、而且情人節居然已經過了？！\r\n<br><br>每天來寄信的阿泰也再也沒出現過...\r\n<br><br>毫無記憶的楊曉淇，開始了一趟尋找真相的奇幻旅程...', '');

-- --------------------------------------------------------

--
-- 資料表結構 `seat`
--

CREATE TABLE `seat` (
  `showingID` varchar(255) COLLATE utf8_unicode_520_ci NOT NULL,
  `cinemaID` varchar(20) COLLATE utf8_unicode_520_ci NOT NULL,
  `seatID` varchar(255) COLLATE utf8_unicode_520_ci NOT NULL,
  `null` int(1) NOT NULL
) ENGINE=InnoDB DEFAULT CHARSET=utf8 COLLATE=utf8_unicode_520_ci;

-- --------------------------------------------------------

--
-- 資料表結構 `showing`
--

CREATE TABLE `showing` (
  `movieID` int(255) NOT NULL,
  `showingID` int(255) NOT NULL,
  `year` int(4) NOT NULL,
  `month` int(2) NOT NULL,
  `day` int(2) NOT NULL,
  `startTime` varchar(15) COLLATE utf8_unicode_520_ci NOT NULL,
  `endTime` varchar(15) COLLATE utf8_unicode_520_ci NOT NULL
) ENGINE=InnoDB DEFAULT CHARSET=utf8 COLLATE=utf8_unicode_520_ci;

--
-- 傾印資料表的資料 `showing`
--

INSERT INTO `showing` (`movieID`, `showingID`, `year`, `month`, `day`, `startTime`, `endTime`) VALUES
(1003, 1000, 2021, 1, 7, '23:00', '11:47'),
(1001, 1001, 2021, 1, 17, '10:00', '11:47'),
(1002, 1002, 2021, 1, 17, '13:00', '14:55'),
(1003, 1003, 2021, 1, 17, '16:00', '17:40'),
(1001, 1004, 2021, 1, 17, '19:00', '20:47'),
(1002, 1005, 2021, 1, 17, '22:00', '23:55'),
(1004, 1006, 2021, 1, 17, '10:20', '11:52'),
(1005, 1007, 2021, 1, 17, '13:20', '14:52'),
(1006, 1008, 2021, 1, 17, '16:20', '18:04'),
(1004, 1009, 2021, 1, 17, '19:20', '20:52'),
(1005, 1010, 2021, 1, 17, '22:20', '23:52'),
(1001, 1011, 2021, 1, 17, '10:40', '12:27'),
(1002, 1012, 2021, 1, 17, '13:40', '15:35'),
(1003, 1013, 2021, 1, 17, '16:40', '18:40'),
(1001, 1014, 2021, 1, 17, '19:40', '21:27'),
(1002, 1015, 2021, 1, 17, '22:40', '0:35'),
(1007, 1016, 2021, 1, 17, '10:00', '12:02'),
(1008, 1017, 2021, 1, 17, '13:00', '14:28'),
(1009, 1018, 2021, 1, 17, '16:00', '18:03'),
(1007, 1019, 2021, 1, 17, '19:00', '21:02'),
(1008, 1020, 2021, 1, 17, '22:00', '23:28'),
(1010, 1021, 2021, 1, 17, '10:20', '12:17'),
(1011, 1022, 2021, 1, 17, '13:20', '15:14'),
(1012, 1023, 2021, 1, 17, '16:20', '18:19'),
(1010, 1024, 2021, 1, 17, '19:20', '21:17'),
(1011, 1025, 2021, 1, 17, '22:20', '0:14'),
(1007, 1026, 2021, 1, 17, '10:40', '12:42'),
(1008, 1027, 2021, 1, 17, '13:40', '15:08'),
(1009, 1028, 2021, 1, 17, '16:40', '18:43'),
(1007, 1029, 2021, 1, 17, '19:40', '21:02'),
(1008, 1030, 2021, 1, 17, '22:40', '0:08'),
(1004, 1031, 2021, 1, 17, '10:00', '11:32'),
(1005, 1032, 2021, 1, 17, '13:00', '14:32'),
(1006, 1033, 2021, 1, 17, '16:00', '17:44'),
(1004, 1034, 2021, 1, 17, '19:00', '20:32'),
(1005, 1035, 2021, 1, 17, '22:00', '23:32'),
(1012, 1036, 2021, 1, 17, '10:20', '12:19'),
(1010, 1037, 2021, 1, 17, '13:20', '15:17'),
(1011, 1038, 2021, 1, 17, '16:20', '18:14'),
(1012, 1039, 2021, 1, 17, '19:20', '21:19'),
(1010, 1040, 2021, 1, 17, '22:20', '0:17'),
(1004, 1041, 2021, 1, 17, '10:40', '12:12'),
(1005, 1042, 2021, 1, 17, '13:40', '15:12'),
(1006, 1043, 2021, 1, 17, '16:40', '18:24'),
(1004, 1044, 2021, 1, 17, '19:40', '21:12'),
(1005, 1045, 2021, 1, 17, '22:40', '0:40'),
(1001, 1046, 2021, 1, 15, '10:00', '11:47'),
(1002, 1047, 2021, 1, 15, '13:00', '14:55'),
(1003, 1048, 2021, 1, 15, '16:00', '17:40'),
(1001, 1049, 2021, 1, 15, '19:00', '20:47'),
(1002, 1050, 2021, 1, 15, '22:00', '23:55'),
(1004, 1051, 2021, 1, 15, '10:20', '11:52'),
(1005, 1052, 2021, 1, 15, '13:20', '14:52'),
(1006, 1053, 2021, 1, 15, '16:20', '18:04'),
(1004, 1054, 2021, 1, 15, '19:20', '20:52'),
(1005, 1055, 2021, 1, 15, '22:20', '23:52'),
(1001, 1056, 2021, 1, 15, '10:40', '12:27'),
(1002, 1057, 2021, 1, 15, '13:40', '15:35'),
(1003, 1058, 2021, 1, 15, '16:40', '18:40'),
(1001, 1059, 2021, 1, 15, '19:40', '21:27'),
(1002, 1060, 2021, 1, 15, '22:40', '0:35'),
(1007, 1061, 2021, 1, 15, '10:00', '12:02'),
(1008, 1062, 2021, 1, 15, '13:00', '14:28'),
(1009, 1063, 2021, 1, 15, '16:00', '18:03'),
(1007, 1064, 2021, 1, 15, '19:00', '21:02'),
(1008, 1065, 2021, 1, 15, '22:00', '23:28'),
(1010, 1066, 2021, 1, 15, '10:20', '12:17'),
(1011, 1067, 2021, 1, 15, '13:20', '15:14'),
(1012, 1068, 2021, 1, 15, '16:20', '18:19'),
(1010, 1069, 2021, 1, 15, '19:20', '21:17'),
(1011, 1070, 2021, 1, 15, '22:20', '0:14'),
(1007, 1071, 2021, 1, 15, '10:40', '12:42'),
(1008, 1072, 2021, 1, 15, '13:40', '15:08'),
(1009, 1073, 2021, 1, 15, '16:40', '18:43'),
(1007, 1074, 2021, 1, 15, '19:40', '21:02'),
(1008, 1075, 2021, 1, 15, '22:40', '0:08'),
(1004, 1076, 2021, 1, 15, '10:00', '11:32'),
(1005, 1077, 2021, 1, 15, '13:00', '14:32'),
(1006, 1078, 2021, 1, 15, '16:00', '17:44'),
(1004, 1079, 2021, 1, 15, '19:00', '20:32'),
(1005, 1080, 2021, 1, 15, '22:00', '23:32'),
(1012, 1081, 2021, 1, 15, '10:20', '12:19'),
(1010, 1082, 2021, 1, 15, '13:20', '15:17'),
(1011, 1083, 2021, 1, 15, '16:20', '18:14'),
(1012, 1084, 2021, 1, 15, '19:20', '21:19'),
(1010, 1085, 2021, 1, 15, '22:20', '0:17'),
(1004, 1086, 2021, 1, 15, '10:40', '12:12'),
(1005, 1087, 2021, 1, 15, '13:40', '15:12'),
(1006, 1088, 2021, 1, 15, '16:40', '18:24'),
(1004, 1089, 2021, 1, 15, '19:40', '21:12'),
(1005, 1090, 2021, 1, 15, '22:40', '0:40'),
(1001, 1091, 2021, 1, 16, '10:00', '11:47'),
(1002, 1092, 2021, 1, 16, '13:00', '14:55'),
(1003, 1093, 2021, 1, 16, '16:00', '17:40'),
(1001, 1094, 2021, 1, 16, '19:00', '20:47'),
(1002, 1095, 2021, 1, 16, '22:00', '23:55'),
(1004, 1096, 2021, 1, 16, '10:20', '11:52'),
(1005, 1097, 2021, 1, 16, '13:20', '14:52'),
(1006, 1098, 2021, 1, 16, '16:20', '18:04'),
(1004, 1099, 2021, 1, 16, '19:20', '20:52'),
(1005, 1100, 2021, 1, 16, '22:20', '23:52'),
(1001, 1101, 2021, 1, 16, '10:40', '12:27'),
(1002, 1102, 2021, 1, 16, '13:40', '15:35'),
(1003, 1103, 2021, 1, 16, '16:40', '18:40'),
(1001, 1104, 2021, 1, 16, '19:40', '21:27'),
(1002, 1105, 2021, 1, 16, '22:40', '0:35'),
(1007, 1106, 2021, 1, 16, '10:00', '12:02'),
(1008, 1107, 2021, 1, 16, '13:00', '14:28'),
(1009, 1108, 2021, 1, 16, '16:00', '18:03'),
(1007, 1109, 2021, 1, 16, '19:00', '21:02'),
(1008, 1110, 2021, 1, 16, '22:00', '23:28'),
(1010, 1111, 2021, 1, 16, '10:20', '12:17'),
(1011, 1112, 2021, 1, 16, '13:20', '15:14'),
(1012, 1113, 2021, 1, 16, '16:20', '18:19'),
(1010, 1114, 2021, 1, 16, '19:20', '21:17'),
(1011, 1115, 2021, 1, 16, '22:20', '0:14'),
(1007, 1116, 2021, 1, 16, '10:40', '12:42'),
(1008, 1117, 2021, 1, 16, '13:40', '15:08'),
(1009, 1118, 2021, 1, 16, '16:40', '18:43'),
(1007, 1119, 2021, 1, 16, '19:40', '21:02'),
(1008, 1120, 2021, 1, 16, '22:40', '0:08'),
(1004, 1121, 2021, 1, 16, '10:00', '11:32'),
(1005, 1122, 2021, 1, 16, '13:00', '14:32'),
(1006, 1123, 2021, 1, 16, '16:00', '17:44'),
(1004, 1124, 2021, 1, 16, '19:00', '20:32'),
(1005, 1125, 2021, 1, 16, '22:00', '23:32'),
(1012, 1126, 2021, 1, 16, '10:20', '12:19'),
(1010, 1127, 2021, 1, 16, '13:20', '15:17'),
(1011, 1128, 2021, 1, 16, '16:20', '18:14'),
(1012, 1129, 2021, 1, 16, '19:20', '21:19'),
(1010, 1130, 2021, 1, 16, '22:20', '0:17'),
(1004, 1131, 2021, 1, 16, '10:40', '12:12'),
(1005, 1132, 2021, 1, 16, '13:40', '15:12'),
(1006, 1133, 2021, 1, 16, '16:40', '18:24'),
(1004, 1134, 2021, 1, 16, '19:40', '21:12'),
(1005, 1135, 2021, 1, 16, '22:40', '0:40');

-- --------------------------------------------------------

--
-- 資料表結構 `ticket information`
--

CREATE TABLE `ticket information` (
  `recordID` varchar(15) COLLATE utf8_unicode_520_ci DEFAULT NULL,
  `ticketID` varchar(15) COLLATE utf8_unicode_520_ci NOT NULL,
  `seat` varchar(15) COLLATE utf8_unicode_520_ci DEFAULT NULL,
  `ticketType` varchar(15) COLLATE utf8_unicode_520_ci DEFAULT NULL
) ENGINE=InnoDB DEFAULT CHARSET=utf8 COLLATE=utf8_unicode_520_ci;

--
-- 傾印資料表的資料 `ticket information`
--

INSERT INTO `ticket information` (`recordID`, `ticketID`, `seat`, `ticketType`) VALUES
('B07290651073', 'B072906510730', '48', '優待票'),
('B07290651073', 'B072906510731', '45', '優待票'),
('ruru1000', 'ruru10000', '24', '優待票'),
('ruru1001', 'ruru10010', '24', '優待票'),
('ruru1001', 'ruru10011', '25', '學生票'),
('ruru1046', 'ruru10460', '29', '優待票'),
('ruru1065', 'ruru10650', '23', '優待票'),
('ruru1065', 'ruru10651', '24', '優待票'),
('ruru1079', 'ruru10790', '29', '優待票'),
('ruru1079', 'ruru10791', '14', '學生票'),
('ruru1079', 'ruru10792', '26', '學生票'),
('ruru1079', 'ruru10793', '25', '普通票'),
('ruru1121', 'ruru11210', '24', '優待票'),
('ruru1121', 'ruru11211', '25', '學生票'),
('ruru1135', 'ruru11350', '25', '普通票');

-- --------------------------------------------------------

--
-- 資料表結構 `ticket type`
--

CREATE TABLE `ticket type` (
  `ticketType` varchar(15) COLLATE utf8_unicode_520_ci NOT NULL,
  `price` varchar(50) COLLATE utf8_unicode_520_ci NOT NULL
) ENGINE=InnoDB DEFAULT CHARSET=utf8 COLLATE=utf8_unicode_520_ci;

--
-- 傾印資料表的資料 `ticket type`
--

INSERT INTO `ticket type` (`ticketType`, `price`) VALUES
('優待票', '230'),
('學生票', '250'),
('普通票', '280');

--
-- 已傾印資料表的索引
--

--
-- 資料表索引 `booking record`
--
ALTER TABLE `booking record`
  ADD PRIMARY KEY (`recordID`),
  ADD KEY `memberID` (`memberID`),
  ADD KEY `showingID` (`showingID`);

--
-- 資料表索引 `cinema`
--
ALTER TABLE `cinema`
  ADD PRIMARY KEY (`cinemaID`);

--
-- 資料表索引 `member profile`
--
ALTER TABLE `member profile`
  ADD PRIMARY KEY (`memberID`);

--
-- 資料表索引 `movie`
--
ALTER TABLE `movie`
  ADD PRIMARY KEY (`movieID`);

--
-- 資料表索引 `seat`
--
ALTER TABLE `seat`
  ADD PRIMARY KEY (`cinemaID`),
  ADD KEY `showingID` (`showingID`),
  ADD KEY `cinemaID` (`cinemaID`);

--
-- 資料表索引 `showing`
--
ALTER TABLE `showing`
  ADD PRIMARY KEY (`showingID`),
  ADD KEY `movieID` (`movieID`);

--
-- 資料表索引 `ticket information`
--
ALTER TABLE `ticket information`
  ADD PRIMARY KEY (`ticketID`),
  ADD KEY `recordID` (`recordID`),
  ADD KEY `ticketType` (`ticketType`);

--
-- 資料表索引 `ticket type`
--
ALTER TABLE `ticket type`
  ADD PRIMARY KEY (`ticketType`);
COMMIT;

/*!40101 SET CHARACTER_SET_CLIENT=@OLD_CHARACTER_SET_CLIENT */;
/*!40101 SET CHARACTER_SET_RESULTS=@OLD_CHARACTER_SET_RESULTS */;
/*!40101 SET COLLATION_CONNECTION=@OLD_COLLATION_CONNECTION */;
